{
  "best_model": "random_forest",
  "all_models": {
    "linear_regression": {
      "metrics": {
        "model_name": "linear_regression",
        "mse": 0.6253,
        "rmse": 0.7908,
        "mae": 0.5615,
        "r2_score": 0.0671,
        "cv_rmse": 0.7814,
        "cv_scores": [
          -0.6426,
          -0.5976,
          -0.6147,
          -0.5957,
          -0.6027
        ]
      },
      "path": "linear_regression_20260208_120307.pkl"
    },
    "random_forest": {
      "metrics": {
        "model_name": "random_forest",
        "mse": 0.605,
        "rmse": 0.7778,
        "mae": 0.5556,
        "r2_score": 0.0974,
        "cv_rmse": 0.7784,
        "cv_scores": [
          -0.6432,
          -0.5978,
          -0.6165,
          -0.5789,
          -0.5932
        ]
      },
      "path": "random_forest_20260208_120307.pkl"
    }
  },
  "feature_importance": {
    "health": 0.18033006174345828,
    "health_age": 0.1740617914442109,
    "floorArea": 0.136071306292678,
    "familyIncome": 0.12391409102830998,
    "age": 0.0858109605647133,
    "edu_income": 0.07866378130332415,
    "income_ratio": 0.06650223577667812,
    "income": 0.06323346731987788,
    "marital": 0.03819496397443616,
    "edu": 0.0272605193030816,
    "gender": 0.018368066961496777,
    "workStatus": 0.0075887542877348824
  },
  "feature_columns": [
    "edu",
    "income",
    "health",
    "marital",
    "age",
    "gender",
    "familyIncome",
    "workStatus",
    "floorArea",
    "edu_income",
    "health_age",
    "income_ratio"
  ],
  "timestamp": "2026-02-08 12:03:07"
}